IDName,IDValue,OLKEY,CoverID
olid,OL9209023M,/books/OL9209023M,1
olid,OL9209065M,/books/OL9209065M,2
olid,OL9209070M,/books/OL9209070M,5
olid,OL9209072M,/books/OL9209072M,6
olid,OL9209073M,/books/OL9209073M,7
olid,OL9209076M,/books/OL9209076M,10
olid,OL9209082M,/books/OL9209082M,16
olid,OL9209083M,/books/OL9209083M,17
olid,OL9209093M,/books/OL9209093M,19
olid,OL9209094M,/books/OL9209094M,20
olid,OL9209095M,/books/OL9209095M,22
olid,OL9209098M,/books/OL9209098M,23
olid,OL9209099M,/books/OL9209099M,24
olid,OL9209103M,/books/OL9209103M,26
olid,OL9209105M,/books/OL9209105M,28
olid,OL9209108M,/books/OL9209108M,29
olid,OL9209109M,/books/OL9209109M,30
olid,OL9209110M,/books/OL9209110M,31
olid,OL9209111M,/books/OL9209111M,32
olid,OL9209112M,/books/OL9209112M,34
olid,OL9209114M,/books/OL9209114M,35
olid,OL9209115M,/books/OL9209115M,37
olid,OL9209116M,/books/OL9209116M,40
olid,OL9209127M,/books/OL9209127M,48
olid,OL9209128M,/books/OL9209128M,50
olid,OL9209132M,/books/OL9209132M,51
olid,OL9209139M,/books/OL9209139M,58
olid,OL9209142M,/books/OL9209142M,60
olid,OL9209143M,/books/OL9209143M,61
olid,OL9209146M,/books/OL9209146M,62
olid,OL9209149M,/books/OL9209149M,66
olid,OL9209150M,/books/OL9209150M,67
olid,OL9209151M,/books/OL9209151M,68
olid,OL9209152M,/books/OL9209152M,69
olid,OL9209154M,/books/OL9209154M,72
olid,OL9209158M,/books/OL9209158M,74
olid,OL9209162M,/books/OL9209162M,78
olid,OL9209168M,/books/OL9209168M,80
olid,OL9209170M,/books/OL9209170M,81
olid,OL9209171M,/books/OL9209171M,82
olid,OL9209172M,/books/OL9209172M,83
olid,OL9209173M,/books/OL9209173M,84
olid,OL9209174M,/books/OL9209174M,86
olid,OL9209175M,/books/OL9209175M,87
olid,OL9209176M,/books/OL9209176M,88
olid,OL9209179M,/books/OL9209179M,94
olid,OL9209190M,/books/OL9209190M,101
olid,OL9209192M,/books/OL9209192M,104
olid,OL9209193M,/books/OL9209193M,105
olid,OL9209196M,/books/OL9209196M,110
olid,OL9209197M,/books/OL9209197M,111
olid,OL9209212M,/books/OL9209212M,113
olid,OL9209217M,/books/OL9209217M,114
olid,OL9209218M,/books/OL9209218M,115
olid,OL9209219M,/books/OL9209219M,116
olid,OL9209226M,/books/OL9209226M,119
olid,OL9209240M,/books/OL9209240M,121
olid,OL9209241M,/books/OL9209241M,122
olid,OL9209242M,/books/OL9209242M,125
olid,OL9209243M,/books/OL9209243M,126
olid,OL9209244M,/books/OL9209244M,127
olid,OL9209248M,/books/OL9209248M,128
olid,OL9209249M,/books/OL9209249M,129
olid,OL9209252M,/books/OL9209252M,131
olid,OL9209258M,/books/OL9209258M,132
olid,OL9209259M,/books/OL9209259M,133
olid,OL9209264M,/books/OL9209264M,134
olid,OL9209271M,/books/OL9209271M,137
olid,OL9209272M,/books/OL9209272M,138
olid,OL9209274M,/books/OL9209274M,139
olid,OL9209287M,/books/OL9209287M,143
olid,OL9209303M,/books/OL9209303M,145
olid,OL9209304M,/books/OL9209304M,146
olid,OL9209305M,/books/OL9209305M,148
olid,OL9209306M,/books/OL9209306M,151
olid,OL9209308M,/books/OL9209308M,152
olid,OL9209309M,/books/OL9209309M,153
olid,OL9209310M,/books/OL9209310M,154
olid,OL9209311M,/books/OL9209311M,155
olid,OL9209313M,/books/OL9209313M,156
olid,OL9209314M,/books/OL9209314M,157
olid,OL9209315M,/books/OL9209315M,158
olid,OL9209316M,/books/OL9209316M,159
olid,OL9209317M,/books/OL9209317M,160
olid,OL9209318M,/books/OL9209318M,161
olid,OL9209319M,/books/OL9209319M,162
olid,OL9209320M,/books/OL9209320M,164
olid,OL9209321M,/books/OL9209321M,165
olid,OL9209322M,/books/OL9209322M,166
olid,OL9209323M,/books/OL9209323M,167
olid,OL9209324M,/books/OL9209324M,168
olid,OL9209325M,/books/OL9209325M,169
olid,OL9209326M,/books/OL9209326M,171
olid,OL9209327M,/books/OL9209327M,172
olid,OL9209328M,/books/OL9209328M,174
olid,OL9209329M,/books/OL9209329M,175
olid,OL9209330M,/books/OL9209330M,176
olid,OL9209331M,/books/OL9209331M,177
olid,OL9209333M,/books/OL9209333M,178
olid,OL9209334M,/books/OL9209334M,179
